{
	"info": {
		"_postman_id": "efbd8382-c41e-41ce-9892-83b1841723cb",
		"name": "Collection_Bank_Postman",
		"schema": "https://schema.getpostman.com/json/collection/v2.1.0/collection.json",
		"_exporter_id": "7025302"
	},
	"item": [
		{
			"name": "Account",
			"item": [
				{
					"name": "GetAll",
					"request": {
						"method": "GET",
						"header": [
							{
								"key": "Accept",
								"value": "*/*"
							},
							{
								"key": "Accept-Encoding",
								"value": "gzip, deflate, br"
							},
							{
								"key": "Connection",
								"value": "keep-alive"
							},
							{
								"key": "User-Agent",
								"value": "EchoapiRuntime/1.1.0"
							}
						],
						"url": {
							"raw": "{{baseAccountsURL}}/api/accounts",
							"host": [
								"{{baseAccountsURL}}"
							],
							"path": [
								"api",
								"accounts"
							]
						},
						"description": "Generated from cURL: curl --request GET \\\r\n  --url http://127.0.0.1:8000/api/accounts \\\r\n  --header 'Accept: */*' \\\r\n  --header 'Accept-Encoding: gzip, deflate, br' \\\r\n  --header 'Connection: keep-alive' \\\r\n  --header 'User-Agent: EchoapiRuntime/1.1.0'"
					},
					"response": []
				},
				{
					"name": "GetById",
					"request": {
						"method": "GET",
						"header": [
							{
								"key": "Accept",
								"value": "*/*"
							},
							{
								"key": "Accept-Encoding",
								"value": "gzip, deflate, br"
							},
							{
								"key": "Connection",
								"value": "keep-alive"
							},
							{
								"key": "User-Agent",
								"value": "EchoapiRuntime/1.1.0"
							}
						],
						"url": {
							"raw": "{{baseAccountsURL}}/api/accounts/{{id}}",
							"host": [
								"{{baseAccountsURL}}"
							],
							"path": [
								"api",
								"accounts",
								"{{id}}"
							]
						},
						"description": "Generated from cURL: curl --request GET \\\r\n  --url http://127.0.0.1:8000/api/accounts \\\r\n  --header 'Accept: */*' \\\r\n  --header 'Accept-Encoding: gzip, deflate, br' \\\r\n  --header 'Connection: keep-alive' \\\r\n  --header 'User-Agent: EchoapiRuntime/1.1.0'"
					},
					"response": []
				},
				{
					"name": "Create",
					"request": {
						"method": "POST",
						"header": [
							{
								"key": "Accept",
								"value": "*/*"
							},
							{
								"key": "Accept-Encoding",
								"value": "gzip, deflate, br"
							},
							{
								"key": "Connection",
								"value": "keep-alive"
							},
							{
								"key": "User-Agent",
								"value": "EchoapiRuntime/1.1.0"
							}
						],
						"body": {
							"mode": "raw",
							"raw": "{\r\n  \"number\": \"ACC12345678\",\r\n  \"type\": \"Ahorro\",\r\n  \"initialAmount\": 5000.0,\r\n  \"active\": true,\r\n  \"clientId\": \"1\"\r\n}",
							"options": {
								"raw": {
									"language": "json"
								}
							}
						},
						"url": {
							"raw": "{{baseAccountsURL}}/api/accounts",
							"host": [
								"{{baseAccountsURL}}"
							],
							"path": [
								"api",
								"accounts"
							]
						},
						"description": "Generated from cURL: curl --request GET \\\r\n  --url http://127.0.0.1:8000/api/accounts \\\r\n  --header 'Accept: */*' \\\r\n  --header 'Accept-Encoding: gzip, deflate, br' \\\r\n  --header 'Connection: keep-alive' \\\r\n  --header 'User-Agent: EchoapiRuntime/1.1.0'"
					},
					"response": []
				},
				{
					"name": "Update",
					"request": {
						"method": "PUT",
						"header": [
							{
								"key": "Accept",
								"value": "*/*"
							},
							{
								"key": "Accept-Encoding",
								"value": "gzip, deflate, br"
							},
							{
								"key": "Connection",
								"value": "keep-alive"
							},
							{
								"key": "User-Agent",
								"value": "EchoapiRuntime/1.1.0"
							}
						],
						"body": {
							"mode": "raw",
							"raw": "{\r\n  \"number\": \"ACC12345678\",\r\n  \"type\": \"Ahorro\",\r\n  \"initialAmount\": 5000.0,\r\n  \"isActive\": true,\r\n  \"clientId\": \"1\"\r\n}",
							"options": {
								"raw": {
									"language": "json"
								}
							}
						},
						"url": {
							"raw": "{{baseAccountsURL}}/api/accounts/{{id}}",
							"host": [
								"{{baseAccountsURL}}"
							],
							"path": [
								"api",
								"accounts",
								"{{id}}"
							]
						},
						"description": "Generated from cURL: curl --request GET \\\r\n  --url http://127.0.0.1:8000/api/accounts \\\r\n  --header 'Accept: */*' \\\r\n  --header 'Accept-Encoding: gzip, deflate, br' \\\r\n  --header 'Connection: keep-alive' \\\r\n  --header 'User-Agent: EchoapiRuntime/1.1.0'"
					},
					"response": []
				},
				{
					"name": "PartialUpdate",
					"request": {
						"method": "PATCH",
						"header": [
							{
								"key": "Accept",
								"value": "*/*"
							},
							{
								"key": "Accept-Encoding",
								"value": "gzip, deflate, br"
							},
							{
								"key": "Connection",
								"value": "keep-alive"
							},
							{
								"key": "User-Agent",
								"value": "EchoapiRuntime/1.1.0"
							}
						],
						"body": {
							"mode": "raw",
							"raw": "{\r\n  \"isActive\": true\r\n}",
							"options": {
								"raw": {
									"language": "json"
								}
							}
						},
						"url": {
							"raw": "{{baseAccountsURL}}/api/accounts/{{id}}",
							"host": [
								"{{baseAccountsURL}}"
							],
							"path": [
								"api",
								"accounts",
								"{{id}}"
							]
						},
						"description": "Generated from cURL: curl --request GET \\\r\n  --url http://127.0.0.1:8000/api/accounts \\\r\n  --header 'Accept: */*' \\\r\n  --header 'Accept-Encoding: gzip, deflate, br' \\\r\n  --header 'Connection: keep-alive' \\\r\n  --header 'User-Agent: EchoapiRuntime/1.1.0'"
					},
					"response": []
				},
				{
					"name": "Delete",
					"request": {
						"method": "DELETE",
						"header": [
							{
								"key": "Accept",
								"value": "*/*"
							},
							{
								"key": "Accept-Encoding",
								"value": "gzip, deflate, br"
							},
							{
								"key": "Connection",
								"value": "keep-alive"
							},
							{
								"key": "User-Agent",
								"value": "EchoapiRuntime/1.1.0"
							}
						],
						"url": {
							"raw": "{{baseAccountsURL}}/api/accounts/{{id}}",
							"host": [
								"{{baseAccountsURL}}"
							],
							"path": [
								"api",
								"accounts",
								"{{id}}"
							]
						},
						"description": "Generated from cURL: curl --request GET \\\r\n  --url http://127.0.0.1:8000/api/accounts \\\r\n  --header 'Accept: */*' \\\r\n  --header 'Accept-Encoding: gzip, deflate, br' \\\r\n  --header 'Connection: keep-alive' \\\r\n  --header 'User-Agent: EchoapiRuntime/1.1.0'"
					},
					"response": []
				}
			]
		},
		{
			"name": "Client",
			"item": [
				{
					"name": "GetAll",
					"request": {
						"method": "GET",
						"header": [
							{
								"key": "Accept",
								"value": "*/*"
							},
							{
								"key": "Accept-Encoding",
								"value": "gzip, deflate, br"
							},
							{
								"key": "Connection",
								"value": "keep-alive"
							},
							{
								"key": "User-Agent",
								"value": "EchoapiRuntime/1.1.0"
							}
						],
						"url": {
							"raw": "{{baseClientsURL}}/api/clients",
							"host": [
								"{{baseClientsURL}}"
							],
							"path": [
								"api",
								"clients"
							]
						},
						"description": "Generated from cURL: curl --request GET \\\r\n  --url http://127.0.0.1:8000/api/accounts \\\r\n  --header 'Accept: */*' \\\r\n  --header 'Accept-Encoding: gzip, deflate, br' \\\r\n  --header 'Connection: keep-alive' \\\r\n  --header 'User-Agent: EchoapiRuntime/1.1.0'"
					},
					"response": []
				},
				{
					"name": "GetById",
					"request": {
						"method": "GET",
						"header": [
							{
								"key": "Accept",
								"value": "*/*"
							},
							{
								"key": "Accept-Encoding",
								"value": "gzip, deflate, br"
							},
							{
								"key": "Connection",
								"value": "keep-alive"
							},
							{
								"key": "User-Agent",
								"value": "EchoapiRuntime/1.1.0"
							}
						],
						"url": {
							"raw": "{{baseClientsURL}}/api/clients/{{id}}",
							"host": [
								"{{baseClientsURL}}"
							],
							"path": [
								"api",
								"clients",
								"{{id}}"
							]
						},
						"description": "Generated from cURL: curl --request GET \\\r\n  --url http://127.0.0.1:8000/api/accounts \\\r\n  --header 'Accept: */*' \\\r\n  --header 'Accept-Encoding: gzip, deflate, br' \\\r\n  --header 'Connection: keep-alive' \\\r\n  --header 'User-Agent: EchoapiRuntime/1.1.0'"
					},
					"response": []
				},
				{
					"name": "Create",
					"request": {
						"method": "POST",
						"header": [
							{
								"key": "Accept",
								"value": "*/*"
							},
							{
								"key": "Accept-Encoding",
								"value": "gzip, deflate, br"
							},
							{
								"key": "Connection",
								"value": "keep-alive"
							},
							{
								"key": "User-Agent",
								"value": "EchoapiRuntime/1.1.0"
							}
						],
						"body": {
							"mode": "raw",
							"raw": "{\r\n  \"dni\": \"12345678\",\r\n  \"name\": \"Juan Pérez\",\r\n  \"password\": \"secreto123\",\r\n  \"gender\": \"M\",\r\n  \"age\": 30,\r\n  \"address\": \"Av. Siempre Viva 123\",\r\n  \"phone\": \"0999999999\",\r\n  \"isActive\": true\r\n}",
							"options": {
								"raw": {
									"language": "json"
								}
							}
						},
						"url": {
							"raw": "{{baseClientsURL}}/api/clients",
							"host": [
								"{{baseClientsURL}}"
							],
							"path": [
								"api",
								"clients"
							]
						},
						"description": "Generated from cURL: curl --request GET \\\r\n  --url http://127.0.0.1:8000/api/accounts \\\r\n  --header 'Accept: */*' \\\r\n  --header 'Accept-Encoding: gzip, deflate, br' \\\r\n  --header 'Connection: keep-alive' \\\r\n  --header 'User-Agent: EchoapiRuntime/1.1.0'"
					},
					"response": []
				},
				{
					"name": "Update",
					"request": {
						"method": "PUT",
						"header": [
							{
								"key": "Accept",
								"value": "*/*"
							},
							{
								"key": "Accept-Encoding",
								"value": "gzip, deflate, br"
							},
							{
								"key": "Connection",
								"value": "keep-alive"
							},
							{
								"key": "User-Agent",
								"value": "EchoapiRuntime/1.1.0"
							}
						],
						"body": {
							"mode": "raw",
							"raw": "{\r\n  \"dni\": \"12345678\",\r\n  \"name\": \"Juan Pérez\",\r\n  \"password\": \"secreto123\",\r\n  \"gender\": \"M\",\r\n  \"age\": 30,\r\n  \"address\": \"Av. Siempre Viva 123\",\r\n  \"phone\": \"0999999999\",\r\n  \"isActive\": true\r\n}",
							"options": {
								"raw": {
									"language": "json"
								}
							}
						},
						"url": {
							"raw": "{{baseClientsURL}}/api/clients/{{id}}",
							"host": [
								"{{baseClientsURL}}"
							],
							"path": [
								"api",
								"clients",
								"{{id}}"
							]
						},
						"description": "Generated from cURL: curl --request GET \\\r\n  --url http://127.0.0.1:8000/api/accounts \\\r\n  --header 'Accept: */*' \\\r\n  --header 'Accept-Encoding: gzip, deflate, br' \\\r\n  --header 'Connection: keep-alive' \\\r\n  --header 'User-Agent: EchoapiRuntime/1.1.0'"
					},
					"response": []
				},
				{
					"name": "PartialUpdate",
					"request": {
						"method": "PATCH",
						"header": [
							{
								"key": "Accept",
								"value": "*/*"
							},
							{
								"key": "Accept-Encoding",
								"value": "gzip, deflate, br"
							},
							{
								"key": "Connection",
								"value": "keep-alive"
							},
							{
								"key": "User-Agent",
								"value": "EchoapiRuntime/1.1.0"
							}
						],
						"body": {
							"mode": "raw",
							"raw": "{\r\n  \"isActive\": true\r\n}",
							"options": {
								"raw": {
									"language": "json"
								}
							}
						},
						"url": {
							"raw": "{{baseClientsURL}}/api/clients/{{id}}",
							"host": [
								"{{baseClientsURL}}"
							],
							"path": [
								"api",
								"clients",
								"{{id}}"
							]
						},
						"description": "Generated from cURL: curl --request GET \\\r\n  --url http://127.0.0.1:8000/api/accounts \\\r\n  --header 'Accept: */*' \\\r\n  --header 'Accept-Encoding: gzip, deflate, br' \\\r\n  --header 'Connection: keep-alive' \\\r\n  --header 'User-Agent: EchoapiRuntime/1.1.0'"
					},
					"response": []
				},
				{
					"name": "Delete",
					"request": {
						"method": "DELETE",
						"header": [
							{
								"key": "Accept",
								"value": "*/*"
							},
							{
								"key": "Accept-Encoding",
								"value": "gzip, deflate, br"
							},
							{
								"key": "Connection",
								"value": "keep-alive"
							},
							{
								"key": "User-Agent",
								"value": "EchoapiRuntime/1.1.0"
							}
						],
						"url": {
							"raw": "{{baseClientsURL}}/api/clients/{{id}}",
							"host": [
								"{{baseClientsURL}}"
							],
							"path": [
								"api",
								"clients",
								"{{id}}"
							]
						},
						"description": "Generated from cURL: curl --request GET \\\r\n  --url http://127.0.0.1:8000/api/accounts \\\r\n  --header 'Accept: */*' \\\r\n  --header 'Accept-Encoding: gzip, deflate, br' \\\r\n  --header 'Connection: keep-alive' \\\r\n  --header 'User-Agent: EchoapiRuntime/1.1.0'"
					},
					"response": []
				}
			]
		},
		{
			"name": "Transaction",
			"item": [
				{
					"name": "GetAll",
					"request": {
						"method": "GET",
						"header": [
							{
								"key": "Accept",
								"value": "*/*"
							},
							{
								"key": "Accept-Encoding",
								"value": "gzip, deflate, br"
							},
							{
								"key": "Connection",
								"value": "keep-alive"
							},
							{
								"key": "User-Agent",
								"value": "EchoapiRuntime/1.1.0"
							}
						],
						"url": {
							"raw": "{{baseAccountsURL}}/api/transactions",
							"host": [
								"{{baseAccountsURL}}"
							],
							"path": [
								"api",
								"transactions"
							]
						},
						"description": "Generated from cURL: curl --request GET \\\r\n  --url http://127.0.0.1:8000/api/accounts \\\r\n  --header 'Accept: */*' \\\r\n  --header 'Accept-Encoding: gzip, deflate, br' \\\r\n  --header 'Connection: keep-alive' \\\r\n  --header 'User-Agent: EchoapiRuntime/1.1.0'"
					},
					"response": []
				},
				{
					"name": "GetById",
					"request": {
						"method": "GET",
						"header": [
							{
								"key": "Accept",
								"value": "*/*"
							},
							{
								"key": "Accept-Encoding",
								"value": "gzip, deflate, br"
							},
							{
								"key": "Connection",
								"value": "keep-alive"
							},
							{
								"key": "User-Agent",
								"value": "EchoapiRuntime/1.1.0"
							}
						],
						"url": {
							"raw": "{{baseAccountsURL}}/api/transactions/{{id}}",
							"host": [
								"{{baseAccountsURL}}"
							],
							"path": [
								"api",
								"transactions",
								"{{id}}"
							]
						},
						"description": "Generated from cURL: curl --request GET \\\r\n  --url http://127.0.0.1:8000/api/accounts \\\r\n  --header 'Accept: */*' \\\r\n  --header 'Accept-Encoding: gzip, deflate, br' \\\r\n  --header 'Connection: keep-alive' \\\r\n  --header 'User-Agent: EchoapiRuntime/1.1.0'"
					},
					"response": []
				},
				{
					"name": "Create",
					"request": {
						"method": "POST",
						"header": [
							{
								"key": "Accept",
								"value": "*/*"
							},
							{
								"key": "Accept-Encoding",
								"value": "gzip, deflate, br"
							},
							{
								"key": "Connection",
								"value": "keep-alive"
							},
							{
								"key": "User-Agent",
								"value": "EchoapiRuntime/1.1.0"
							}
						],
						"body": {
							"mode": "raw",
							"raw": "{\r\n  \"date\": \"2025-07-26T00:00:00Z\",\r\n  \"type\": \"Retiro\",\r\n  \"amount\": -200.0,\r\n  \"accountId\": 1\r\n}",
							"options": {
								"raw": {
									"language": "json"
								}
							}
						},
						"url": {
							"raw": "{{baseAccountsURL}}/api/transactions",
							"host": [
								"{{baseAccountsURL}}"
							],
							"path": [
								"api",
								"transactions"
							]
						},
						"description": "Generated from cURL: curl --request GET \\\r\n  --url http://127.0.0.1:8000/api/accounts \\\r\n  --header 'Accept: */*' \\\r\n  --header 'Accept-Encoding: gzip, deflate, br' \\\r\n  --header 'Connection: keep-alive' \\\r\n  --header 'User-Agent: EchoapiRuntime/1.1.0'"
					},
					"response": []
				},
				{
					"name": "Report",
					"request": {
						"method": "GET",
						"header": [
							{
								"key": "Accept",
								"value": "*/*"
							},
							{
								"key": "Accept-Encoding",
								"value": "gzip, deflate, br"
							},
							{
								"key": "Connection",
								"value": "keep-alive"
							},
							{
								"key": "User-Agent",
								"value": "EchoapiRuntime/1.1.0"
							}
						],
						"url": {
							"raw": "{{baseAccountsURL}}/api/transactions/clients/{{clientId}}/report?dateTransactionStart=2025-07-25&dateTransactionEnd=2025-07-26",
							"host": [
								"{{baseAccountsURL}}"
							],
							"path": [
								"api",
								"transactions",
								"clients",
								"{{clientId}}",
								"report"
							],
							"query": [
								{
									"key": "dateTransactionStart",
									"value": "2025-07-25"
								},
								{
									"key": "dateTransactionEnd",
									"value": "2025-07-26"
								}
							]
						},
						"description": "Generated from cURL: curl --request GET \\\r\n  --url http://127.0.0.1:8000/api/accounts \\\r\n  --header 'Accept: */*' \\\r\n  --header 'Accept-Encoding: gzip, deflate, br' \\\r\n  --header 'Connection: keep-alive' \\\r\n  --header 'User-Agent: EchoapiRuntime/1.1.0'"
					},
					"response": []
				},
				{
					"name": "GetLastByAccountId",
					"request": {
						"method": "GET",
						"header": [
							{
								"key": "Accept",
								"value": "*/*"
							},
							{
								"key": "Accept-Encoding",
								"value": "gzip, deflate, br"
							},
							{
								"key": "Connection",
								"value": "keep-alive"
							},
							{
								"key": "User-Agent",
								"value": "EchoapiRuntime/1.1.0"
							}
						],
						"url": {
							"raw": "{{baseAccountsURL}}/api/transactions/accounts/{{accountId}}/getLast",
							"host": [
								"{{baseAccountsURL}}"
							],
							"path": [
								"api",
								"transactions",
								"accounts",
								"{{accountId}}",
								"getLast"
							]
						},
						"description": "Generated from cURL: curl --request GET \\\r\n  --url http://127.0.0.1:8000/api/accounts \\\r\n  --header 'Accept: */*' \\\r\n  --header 'Accept-Encoding: gzip, deflate, br' \\\r\n  --header 'Connection: keep-alive' \\\r\n  --header 'User-Agent: EchoapiRuntime/1.1.0'"
					},
					"response": []
				}
			]
		}
	],
	"variable": [
		{
			"key": "baseURL",
			"value": "http://127.0.0.1:8000",
			"type": "default"
		}
	]
}